ticket_id,created_at,category,channel,customer_plan,subject,customer_question,agent_answer,resolution_time_hours,resolved_by,source_type_reference,source_title_reference,csat_score
tkt_10021,2026-01-08,Slack Integration,email,Growth,Slack messages not posting to channel,We connected CloudDesk to Slack but new tickets aren't showing up in #support-alerts.,Confirmed the OAuth token had an expired scope after a Slack workspace admin change. Reconnected the integration under Settings > Integrations > Slack and re-selected the channel; messages resumed within a minute.,3.5,agent_2210,help_center_article,Integrating CloudDesk with Slack,4.5
tkt_10022,2026-01-11,Slack Integration,chat,Standard,How do I map tickets to specific Slack channels,Can different ticket categories go to different Slack channels?,Yes — under Settings > Integrations > Slack > Routing Rules you can map a ticket tag or category to a specific channel. Walked customer through creating two rules for Billing and Technical tags.,0.8,agent_1187,help_center_article,Integrating CloudDesk with Slack,5.0
tkt_10023,2026-01-14,Slack Integration,email,Enterprise,Slack app shows disconnected after SSO rollout,"After enabling SSO for our workspace, the Slack integration shows 'disconnected' status.",SSO changes revoked the original OAuth grant since it was tied to a user account that is now provisioned via SCIM. Reconnected using a service account and confirmed persistence.,5.2,agent_2210,help_center_article,Integrating CloudDesk with Slack,4.0
tkt_10031,2026-01-16,Webhooks,email,Enterprise,Webhooks arriving 2+ hours late,"Our webhook receiver is getting events hours after they happen, not in real time.","Checked delivery attempts and found the endpoint was returning 504s intermittently, triggering the retry backoff schedule (up to 12h between later attempts). Recommended acknowledging the webhook immediately and processing asynchronously.",2.1,agent_3305,api_documentation,Webhooks Reference,4.0
tkt_10032,2026-01-19,Webhooks,chat,Growth,Signature verification always fails,Every webhook we receive fails HMAC signature verification even though we copied the secret correctly.,"Root cause was verifying against a re-parsed/re-serialized JSON object instead of the raw request body bytes, which changes key ordering. Provided a code sample using the raw payload.",1.4,agent_1187,api_documentation,Webhooks Reference,5.0
tkt_10033,2026-01-22,Webhooks,email,Standard,Webhook got auto-disabled,Our webhook endpoint stopped receiving anything and the dashboard shows it as disabled.,20+ consecutive deliveries failed (expired TLS cert on customer endpoint) which auto-disables the webhook. Customer renewed the cert; re-enabled the webhook and replayed the last 15 missed events.,6.0,agent_3305,engineering_runbook,Webhook Delivery Failure Response,4.5
tkt_10034,2026-01-25,Webhooks,chat,Growth,My SAML login stopped working after adding a new domain,We added a second domain to our workspace last week and now some of our users can't log in via SSO.,"Investigated and found the *original* domain's IdP signing certificate had actually expired around the same time, which was the real cause — the new domain was still pending its own DNS verification and was never the trigger. Guided admin to re-upload the current IdP cert.",4.3,agent_4471,engineering_runbook,SSO/SAML Authentication Outage Response,4.0
tkt_10041,2026-01-27,SSO/SAML,email,Enterprise,SAML signature invalid error,Getting 'saml_signature_invalid' for all users trying to log in this morning.,IdP certificate had expired overnight (1-year rotation). Walked admin through downloading the renewed cert from Okta and uploading it under Settings > Security > SSO.,1.9,agent_4471,api_documentation,SAML & SCIM Configuration Reference,4.5
tkt_10042,2026-01-29,SSO/SAML,chat,Enterprise,New domain not enforcing SSO,We verified our new domain but users on it can still log in with a plain password.,Domain verification alone doesn't enforce SSO. Set the enforce_sso flag via PATCH /v1/sso/domains/{domain_id} for the new domain; confirmed password login was blocked afterward.,2.5,agent_2210,api_documentation,SAML & SCIM Configuration Reference,5.0
tkt_10043,2026-02-02,SSO/SAML,email,Growth,SCIM duplicate external ID error,Provisioning a new user via SCIM throws scim_duplicate_external_id.,Found two records in the IdP directory sharing the same externalId after a prior HR system migration. Customer de-duplicated in their directory and the sync succeeded.,3.0,agent_3305,api_documentation,SAML & SCIM Configuration Reference,4.0
tkt_10044,2026-02-04,SSO/SAML,chat,Standard,Clock skew SAML error,"Random SAML failures, error code mentions clock skew.",Confirmed IdP server NTP sync had drifted 7 minutes. Customer resynced NTP and failures stopped.,1.2,agent_4471,api_documentation,SAML & SCIM Configuration Reference,4.5
tkt_10051,2026-02-06,API Keys,email,Standard,Getting 429 errors under normal usage,We're well under our documented rate limit but still getting 429 responses.,"Rate limiter was keying on IP address instead of API key after a recent deploy, and the customer sits behind a shared corporate NAT. Escalated to platform team; limiter fix deployed and counters reset.",8.5,agent_1187,engineering_runbook,API & Database Latency Incident Response,3.5
tkt_10052,2026-02-09,API Keys,chat,Growth,How to rotate an API key without downtime,Need to rotate our production API key without breaking our integration.,"Explained that old keys stay valid for 24 hours after a new key is generated, so both can run in parallel during cutover. Customer rotated successfully.",0.5,agent_2210,api_documentation,Authentication,5.0
tkt_10053,2026-02-11,API Keys,email,Enterprise,OAuth redirect_uri_mismatch,Our OAuth integration suddenly fails with redirect_uri_mismatch.,"Customer's app had switched to a new subdomain and the registered redirect URI still pointed to the old one, including a missing trailing slash. Corrected the registration.",2.0,agent_3305,api_documentation,Authentication,4.0
tkt_10054,2026-02-13,API Keys,chat,Standard,invalid_grant on OAuth token exchange,Token exchange fails with invalid_grant intermittently.,Authorization codes expire after 60 seconds and can only be used once; customer's server had a queuing delay before exchanging the code. Recommended exchanging immediately upon redirect.,1.6,agent_4471,api_documentation,Authentication,4.5
tkt_10061,2026-02-16,Billing,email,Standard,How do I add more agent seats,We hired 3 more support agents and need more seats on our plan.,Walked customer through Settings > Billing > Seats > Add Seats; seats are prorated for the remainder of the billing cycle.,0.4,agent_1187,help_center_article,"Billing, Plans, and Seat Management",5.0
tkt_10062,2026-02-18,Billing,chat,Growth,Downgrade from Growth to Standard,We want to downgrade our plan at renewal.,"Confirmed downgrade takes effect at the next billing cycle and explained the feature differences (lower rate limit, fewer automation rules). Scheduled the downgrade.",0.6,agent_2210,help_center_article,"Billing, Plans, and Seat Management",4.0
tkt_10063,2026-02-20,Billing,email,Enterprise,Invoice shows wrong seat count,Our latest invoice charges for 45 seats but we only have 40 active agents.,Found 5 deactivated-but-not-removed agent accounts still counted as seats. Removed them and issued a prorated credit.,4.0,agent_3305,help_center_article,"Billing, Plans, and Seat Management",4.5
tkt_10071,2026-02-23,General,chat,Standard,How to set up ticket auto-assignment,Can tickets be automatically assigned to agents based on category?,Directed to Settings > Automations > Assignment Rules and helped configure round-robin assignment for the 'Billing' category.,0.9,agent_4471,help_center_article,"Billing, Plans, and Seat Management",4.0
tkt_10072,2026-02-25,API Keys,email,Growth,API returns resource_not_found for valid ticket,GET /tickets/{id} returns resource_not_found for a ticket I can see in the UI.,Customer was using a sandbox API key (cd_test_) against a production ticket ID. Confirmed key type and had them switch to a live key.,1.1,agent_1187,api_documentation,REST API Endpoints Overview,4.5
tkt_10073,2026-02-27,Webhooks,chat,Enterprise,Bulk webhook payload seems truncated,Our tickets.bulk_updated webhook payload looks cut off compared to what we expect.,Payloads over 512 KB are chunked with a page field per the webhook spec; customer wasn't handling pagination on bulk events. Provided reassembly logic.,2.8,agent_3305,api_documentation,Webhooks Reference,4.0
tkt_10081,2026-03-02,SSO/SAML,email,Enterprise,Users logged out unexpectedly after SCIM update,Several users got signed out right after we ran a SCIM sync.,Confirmed this is expected: deactivating/reactivating a user via SCIM revokes active sessions within 5 minutes as a security measure. No action needed; reactivated users simply log in again.,1.5,agent_4471,api_documentation,SAML & SCIM Configuration Reference,4.0
tkt_10082,2026-03-05,Webhooks,chat,Standard,Firewall blocking CloudDesk webhooks,Our security team's firewall is blocking incoming webhook calls.,Directed customer to /v1/meta/webhook-ips to allowlist CloudDesk's current sending IP ranges.,1.0,agent_2210,api_documentation,Webhooks Reference,5.0
tkt_10091,2026-03-08,Slack Integration,email,Standard,Duplicate Slack notifications for one ticket,We're getting the same Slack alert twice for a single new ticket.,Customer had configured two overlapping routing rules pointing to the same channel. Removed the duplicate rule.,1.3,agent_1187,help_center_article,Integrating CloudDesk with Slack,4.5
tkt_10092,2026-03-10,API Keys,chat,Growth,What happens to a revoked API key mid-request,"If we revoke a key while a request is in flight, does it complete?",Explained that revocation is immediate — in-flight requests using the revoked key return 401 Unauthorized rather than completing.,0.3,agent_3305,api_documentation,Authentication,4.0
tkt_10101,2026-03-13,SSO/SAML,email,Enterprise,"Azure AD certificate auto-rotated, SSO broke",SSO broke overnight and we didn't change anything on our end.,Azure AD had performed an automatic certificate rollover. Retrieved the current cert from the Azure admin console and uploaded it to CloudDesk.,3.2,agent_4471,engineering_runbook,SSO/SAML Authentication Outage Response,4.5
tkt_10102,2026-03-16,Webhooks,chat,Enterprise,How to replay a single missed webhook event,One event never arrived — can we get just that one resent without replaying everything?,Used POST /v1/webhooks/{id}/events/{event_id}/replay to resend the single event; confirmed receipt with the customer.,0.7,agent_2210,api_documentation,Webhooks Reference,5.0
tkt_10103,2026-03-19,Billing,email,Standard,Difference between Standard and Growth rate limits,What API rate limit do we get if we upgrade to Growth?,"Explained Standard is 60 req/min per key, Growth is 300 req/min per key, and Enterprise is 1,200 req/min per key.",0.4,agent_1187,api_documentation,Authentication,4.0
tkt_10104,2026-03-22,General,chat,Growth,Where to find API request_id for a failed call,Support asked for a request_id but I don't see it in my error.,Showed customer the error envelope structure — request_id is included in every error response body for correlating with server logs.,0.5,agent_3305,api_documentation,REST API Endpoints Overview,4.5
tkt_10111,2026-03-25,Webhooks,email,Enterprise,Webhook TLS handshake failing,Deliveries to our endpoint fail with a TLS error.,Customer's certificate had expired 2 days prior. CloudDesk will not deliver to endpoints with invalid TLS by design. Customer renewed the cert and deliveries resumed automatically.,2.6,agent_4471,engineering_runbook,Webhook Delivery Failure Response,4.0
tkt_10112,2026-03-28,SSO/SAML,chat,Standard,Can we require SSO for only one domain,We have two domains in our workspace but only want to force SSO for one.,"Confirmed enforce_sso is set per verified domain, so this is supported out of the box — set the flag only on the target domain.",1.0,agent_2210,api_documentation,SAML & SCIM Configuration Reference,5.0
tkt_10113,2026-04-01,API Keys,email,Growth,Sandbox data leaking into production reports,Test data seems to be showing up in our production dashboards.,Customer was using a cd_test_ sandbox key for some production integrations. Sandbox data is isolated by design; migrated the integration to a live key and confirmed dashboards cleared.,3.7,agent_1187,api_documentation,Authentication,4.0
tkt_10121,2026-04-04,Webhooks,chat,Enterprise,Rate of failed webhook deliveries spiking platform-wide,Multiple of our webhooks across different environments are failing around the same time.,This coincided with a platform-side sender degradation traced to the metadata lookup service; failed over to the standby region. Dead-letter queue drained automatically once resolved.,1.8,agent_4471,engineering_runbook,Webhook Delivery Failure Response,4.5
tkt_10122,2026-04-07,Billing,email,Enterprise,Need itemized invoice for finance team,Finance needs a breakdown of seats vs. add-ons on our invoice.,Generated an itemized invoice export from Settings > Billing > Invoices > Export and walked through each line item.,0.6,agent_3305,help_center_article,"Billing, Plans, and Seat Management",5.0
tkt_10123,2026-04-10,General,chat,Standard,How long are resolved tickets retained,Is there a retention limit on resolved ticket data?,Confirmed resolved tickets are retained indefinitely unless a workspace-level data retention policy is configured under Settings > Data Retention.,0.3,agent_2210,help_center_article,"Billing, Plans, and Seat Management",4.0
tkt_10131,2026-04-13,SSO/SAML,email,Growth,Getting logged out every hour via SSO,Users on SSO are being logged out roughly every 60 minutes.,This matched expected OAuth access token expiry (1 hour) combined with the customer's IdP not silently refreshing sessions. Recommended enabling silent re-authentication in their IdP config.,2.4,agent_4471,api_documentation,Authentication,3.5
tkt_10132,2026-04-16,Webhooks,chat,Standard,Do webhooks fire for bulk API updates,"If we update 100 tickets via the API at once, do we get 100 webhook events?",Confirmed bulk updates emit a single tickets.bulk_updated event (chunked if over 512 KB) rather than one event per ticket.,0.5,agent_1187,api_documentation,Webhooks Reference,4.5
tkt_10133,2026-04-19,API Keys,email,Enterprise,Need higher rate limit temporarily for migration,We're migrating 50k historical tickets and will exceed our rate limit.,"Applied a temporary per-workspace throttle exception for the migration window via the infra admin tool, coordinated with the customer's migration schedule.",5.5,agent_3305,engineering_runbook,API & Database Latency Incident Response,4.5
tkt_10141,2026-04-22,General,chat,Growth,"Can Slack integration post customer replies too, not just new tickets","We only see new-ticket alerts in Slack, not customer replies.",Added the 'ticket.customer_replied' event to their Slack routing rule so replies now post to the same channel.,0.9,agent_2210,help_center_article,Integrating CloudDesk with Slack,4.5
tkt_10142,2026-04-25,SSO/SAML,email,Standard,IdP metadata URL returns 404,The SAML metadata URL you gave us returns a 404.,Customer had used the wrong workspace_id in the metadata URL after a workspace rename. Provided the correct current URL.,1.2,agent_4471,api_documentation,SAML & SCIM Configuration Reference,4.0
tkt_10143,2026-04-28,Webhooks,chat,Enterprise,How many retry attempts before a webhook is marked failed,How many times will you retry before giving up on a webhook?,"Explained the 6-attempt exponential backoff schedule (1m, 5m, 30m, 2h, 12h) and that 20+ consecutive failures auto-disables the webhook.",0.4,agent_1187,api_documentation,Webhooks Reference,5.0
tkt_10151,2026-05-01,API Keys,email,Growth,"request_id missing from error, can't find in logs",Getting a generic 500 error with no request_id — hard to debug.,Identified this as an edge case in an older SDK version that stripped the error envelope. Recommended upgrading to SDK v2.3+ where request_id is preserved.,2.9,agent_3305,api_documentation,REST API Endpoints Overview,4.0
tkt_10152,2026-05-04,Billing,chat,Standard,Can we pay annually instead of monthly,Is there an annual billing option with a discount?,Confirmed annual billing is available with a 15% discount versus monthly; switched customer's plan to annual effective next cycle.,0.5,agent_2210,help_center_article,"Billing, Plans, and Seat Management",5.0
